Product ID,TCGplayer Id,Product Line,Set Name,Product Name,Title,Number,Rarity,Condition,Printing,TCG Market Price,TCG Direct Low,TCG Low Price With Shipping,TCG Low Price,Total Quantity,Add to Quantity,TCG Marketplace Price,Photo URL
653046,8927497,Riftbound: League of Legends Trading Card Game,Origins,Icathian Rain,,248/298,Epic,Near Mint,Foil,2.36,,,,,1,,https://tcgplayer-cdn.tcgplayer.com/product/653046_in_200x200.jpg
652935,8926702,Riftbound: League of Legends Trading Card Game,Origins,Lee Sin - Centered,,151/298,Rare,Near Mint,Foil,0.17,,,,,1,,https://tcgplayer-cdn.tcgplayer.com/product/652935_in_200x200.jpg
652961,8926867,Riftbound: League of Legends Trading Card Game,Origins,Rebuke,,172/298,Common,Near Mint,Normal,0.25,,,,,1,,https://tcgplayer-cdn.tcgplayer.com/product/652961_in_200x200.jpg
652819,8925767,Riftbound: League of Legends Trading Card Game,Origins,Charm,,043/298,Common,Near Mint,Normal,0.62,,,,,1,,https://tcgplayer-cdn.tcgplayer.com/product/652819_in_200x200.jpg
652909,8926462,Riftbound: League of Legends Trading Card Game,Origins,Body Rune,,126/298,Common,Near Mint,Normal,0.10,,,,,1,,https://tcgplayer-cdn.tcgplayer.com/product/652909_in_200x200.jpg
652962,8926877,Riftbound: League of Legends Trading Card Game,Origins,Ride The Wind,,173/298,Common,Near Mint,Normal,0.42,,,,,1,,https://tcgplayer-cdn.tcgplayer.com/product/652962_in_200x200.jpg
652834,8925917,Riftbound: League of Legends Trading Card Game,Origins,Discipline,,058/298,Uncommon,Near Mint,Normal,1.71,,,,,1,,https://tcgplayer-cdn.tcgplayer.com/product/652834_in_200x200.jpg
652920,8926567,Riftbound: League of Legends Trading Card Game,Origins,Pit Rookie,,136/298,Common,Near Mint,Normal,0.13,,,,,1,,https://tcgplayer-cdn.tcgplayer.com/product/652920_in_200x200.jpg
652822,8925797,Riftbound: League of Legends Trading Card Game,Origins,En Garde,,046/298,Common,Near Mint,Normal,0.18,,,,,1,,https://tcgplayer-cdn.tcgplayer.com/product/652822_in_200x200.jpg
652817,8925752,Riftbound: League of Legends Trading Card Game,Origins,Calm Rune,,042/298,Common,Near Mint,Normal,0.13,,,,,1,,https://tcgplayer-cdn.tcgplayer.com/product/652817_in_200x200.jpg
653230,8928562,Riftbound: League of Legends Trading Card Game,Origins,Viktor - Innovator (Alternate Art),,117a/298,Showcase,Near Mint,Foil,1.16,,,,,1,,https://tcgplayer-cdn.tcgplayer.com/product/653230_in_200x200.jpg
652916,8926527,Riftbound: League of Legends Trading Card Game,Origins,First Mate,,132/298,Common,Near Mint,Normal,0.20,,,,,1,,https://tcgplayer-cdn.tcgplayer.com/product/652916_in_200x200.jpg
652823,8925807,Riftbound: League of Legends Trading Card Game,Origins,Find Your Center,,047/298,Common,Near Mint,Normal,0.16,,,,,1,,https://tcgplayer-cdn.tcgplayer.com/product/652823_in_200x200.jpg
652821,8925787,Riftbound: League of Legends Trading Card Game,Origins,Defy,,045/298,Common,Near Mint,Normal,2.59,,,,,1,,https://tcgplayer-cdn.tcgplayer.com/product/652821_in_200x200.jpg
652992,8927107,Riftbound: League of Legends Trading Card Game,Origins,Invert Timelines,,201/298,Epic,Near Mint,Foil,15.15,,,,,1,,https://tcgplayer-cdn.tcgplayer.com/product/652992_in_200x200.jpg
652814,8925737,Riftbound: League of Legends Trading Card Game,Origins,Seal of Rage,,040/298,Epic,Near Mint,Foil,29.64,,,,,1,,https://tcgplayer-cdn.tcgplayer.com/product/652814_in_200x200.jpg
652912,8926487,Riftbound: League of Legends Trading Card Game,Origins,Challenge,,128/298,Common,Near Mint,Normal,0.26,,,,,1,,https://tcgplayer-cdn.tcgplayer.com/product/652912_in_200x200.jpg
652972,8926977,Riftbound: League of Legends Trading Card Game,Origins,Stacked Deck,,183/298,Uncommon,Near Mint,Normal,7.22,,,,,1,,https://tcgplayer-cdn.tcgplayer.com/product/652972_in_200x200.jpg
652958,8926837,Riftbound: League of Legends Trading Card Game,Origins,Gust,,169/298,Common,Near Mint,Normal,0.18,,,,,1,,https://tcgplayer-cdn.tcgplayer.com/product/652958_in_200x200.jpg
652954,8926802,Riftbound: League of Legends Trading Card Game,Origins,Chaos Rune,,166/298,Common,Near Mint,Normal,0.14,,,,,1,,https://tcgplayer-cdn.tcgplayer.com/product/652954_in_200x200.jpg
652879,8926257,Riftbound: League of Legends Trading Card Game,Origins,Energy Conduit,,098/298,Uncommon,Near Mint,Normal,0.12,,,,,1,,https://tcgplayer-cdn.tcgplayer.com/product/652879_in_200x200.jpg
653023,8927377,Riftbound: League of Legends Trading Card Game,Origins,Vengeance,,229/298,Uncommon,Near Mint,Normal,0.22,,,,,1,,https://tcgplayer-cdn.tcgplayer.com/product/653023_in_200x200.jpg
652883,8926297,Riftbound: League of Legends Trading Card Game,Origins,Portal Rescue,,102/298,Uncommon,Near Mint,Normal,0.17,,,,,1,,https://tcgplayer-cdn.tcgplayer.com/product/652883_in_200x200.jpg
652966,8926917,Riftbound: League of Legends Trading Card Game,Origins,Stealthy Pursuer,,177/298,Common,Near Mint,Normal,0.07,,,,,1,,https://tcgplayer-cdn.tcgplayer.com/product/652966_in_200x200.jpg
653009,8927237,Riftbound: League of Legends Trading Card Game,Origins,Petty Officer,,215/298,Common,Near Mint,Normal,0.04,,,,,1,,https://tcgplayer-cdn.tcgplayer.com/product/653009_in_200x200.jpg
652781,8925497,Riftbound: League of Legends Trading Card Game,Origins,Legion Rearguard,,010/298,Common,Near Mint,Normal,0.10,,,,,1,,https://tcgplayer-cdn.tcgplayer.com/product/652781_in_200x200.jpg
652779,8925477,Riftbound: League of Legends Trading Card Game,Origins,Get Excited!,,008/298,Common,Near Mint,Normal,0.06,,,,,1,,https://tcgplayer-cdn.tcgplayer.com/product/652779_in_200x200.jpg
652863,8926102,Riftbound: League of Legends Trading Card Game,Origins,Consult the Past,,083/298,Common,Near Mint,Normal,0.18,,,,,1,,https://tcgplayer-cdn.tcgplayer.com/product/652863_in_200x200.jpg
652824,8925817,Riftbound: League of Legends Trading Card Game,Origins,Meditation,,048/298,Common,Near Mint,Normal,0.12,,,,,1,,https://tcgplayer-cdn.tcgplayer.com/product/652824_in_200x200.jpg
653001,8927162,Riftbound: League of Legends Trading Card Game,Origins,Cruel Patron,,208/298,Common,Near Mint,Normal,0.10,,,,,1,,https://tcgplayer-cdn.tcgplayer.com/product/653001_in_200x200.jpg
652875,8926217,Riftbound: League of Legends Trading Card Game,Origins,Sprite Call,,094/298,Common,Near Mint,Normal,0.13,,,,,1,,https://tcgplayer-cdn.tcgplayer.com/product/652875_in_200x200.jpg
652959,8926847,Riftbound: League of Legends Trading Card Game,Origins,Morbid Return,,170/298,Common,Near Mint,Normal,0.12,,,,,1,,https://tcgplayer-cdn.tcgplayer.com/product/652959_in_200x200.jpg
652978,8927037,Riftbound: League of Legends Trading Card Game,Origins,Kayn - Unleashed,,189/298,Rare,Near Mint,Foil,0.28,,,,,1,,https://tcgplayer-cdn.tcgplayer.com/product/652978_in_200x200.jpg
652847,8926022,Riftbound: League of Legends Trading Card Game,Origins,Mageseeker Warden,,070/298,Rare,Near Mint,Foil,0.18,,,,,1,,https://tcgplayer-cdn.tcgplayer.com/product/652847_in_200x200.jpg
652831,8925887,Riftbound: League of Legends Trading Card Game,Origins,Wielder of Water,,055/298,Common,Near Mint,Normal,0.09,,,,,1,,https://tcgplayer-cdn.tcgplayer.com/product/652831_in_200x200.jpg
652796,8925647,Riftbound: League of Legends Trading Card Game,Origins,Blind Fury,,025/298,Rare,Near Mint,Foil,0.16,,,,,1,,https://tcgplayer-cdn.tcgplayer.com/product/652796_in_200x200.jpg
652890,8926357,Riftbound: League of Legends Trading Card Game,Origins,Dr. Mundo - Expert,,109/298,Rare,Near Mint,Foil,0.37,,,,,1,,https://tcgplayer-cdn.tcgplayer.com/product/652890_in_200x200.jpg
653025,8927392,Riftbound: League of Legends Trading Card Game,Origins,Commander Ledros,,231/298,Rare,Near Mint,Foil,0.19,,,,,1,,https://tcgplayer-cdn.tcgplayer.com/product/653025_in_200x200.jpg
652835,8925927,Riftbound: League of Legends Trading Card Game,Origins,Eclipse Herald,,059/298,Uncommon,Near Mint,Normal,0.09,,,,,1,,https://tcgplayer-cdn.tcgplayer.com/product/652835_in_200x200.jpg
652775,8925442,Riftbound: League of Legends Trading Card Game,Origins,Disintegrate,,005/298,Common,Near Mint,Normal,0.11,,,,,1,,https://tcgplayer-cdn.tcgplayer.com/product/652775_in_200x200.jpg
652820,8925777,Riftbound: League of Legends Trading Card Game,Origins,Clockwork Keeper,,044/298,Common,Near Mint,Normal,0.10,,,,,1,,https://tcgplayer-cdn.tcgplayer.com/product/652820_in_200x200.jpg
653021,8927357,Riftbound: League of Legends Trading Card Game,Origins,Symbol of the Solari,,227/298,Uncommon,Near Mint,Normal,0.11,,,,,2,,https://tcgplayer-cdn.tcgplayer.com/product/653021_in_200x200.jpg
653022,8927367,Riftbound: League of Legends Trading Card Game,Origins,Vanguard Helm,,228/298,Uncommon,Near Mint,Normal,0.11,,,,,1,,https://tcgplayer-cdn.tcgplayer.com/product/653022_in_200x200.jpg
652882,8926287,Riftbound: League of Legends Trading Card Game,Origins,Mushroom Pouch,,101/298,Uncommon,Near Mint,Normal,0.11,,,,,1,,https://tcgplayer-cdn.tcgplayer.com/product/652882_in_200x200.jpg
652864,8926112,Riftbound: League of Legends Trading Card Game,Origins,Eager Apprentice,,084/298,Common,Near Mint,Normal,0.10,,,,,1,,https://tcgplayer-cdn.tcgplayer.com/product/652864_in_200x200.jpg
652776,8925452,Riftbound: League of Legends Trading Card Game,Origins,Flame Chompers,,006/298,Common,Near Mint,Normal,0.05,,,,,1,,https://tcgplayer-cdn.tcgplayer.com/product/652776_in_200x200.jpg
653000,8927152,Riftbound: League of Legends Trading Card Game,Origins,Call to Glory,,207/298,Common,Near Mint,Normal,0.17,,,,,2,,https://tcgplayer-cdn.tcgplayer.com/product/653000_in_200x200.jpg
652786,8925547,Riftbound: League of Legends Trading Card Game,Origins,Captain Farron,,015/298,Uncommon,Near Mint,Normal,0.11,,,,,1,,https://tcgplayer-cdn.tcgplayer.com/product/652786_in_200x200.jpg
652976,8927017,Riftbound: League of Legends Trading Card Game,Origins,Whirlwind,,187/298,Uncommon,Near Mint,Normal,0.14,,,,,1,,https://tcgplayer-cdn.tcgplayer.com/product/652976_in_200x200.jpg
653005,8927202,Riftbound: League of Legends Trading Card Game,Origins,Forge of the Future,,212/298,Common,Near Mint,Normal,0.09,,,,,1,,https://tcgplayer-cdn.tcgplayer.com/product/653005_in_200x200.jpg
652965,8926907,Riftbound: League of Legends Trading Card Game,Origins,Sneaky Deckhand,,176/298,Common,Near Mint,Normal,0.21,,,,,1,,https://tcgplayer-cdn.tcgplayer.com/product/652965_in_200x200.jpg
652953,8926792,Riftbound: League of Legends Trading Card Game,Origins,Cemetery Attendant,,165/298,Common,Near Mint,Normal,0.08,,,,,1,,https://tcgplayer-cdn.tcgplayer.com/product/652953_in_200x200.jpg
652772,8925412,Riftbound: League of Legends Trading Card Game,Origins,Brazen Buccaneer,,002/298,Common,Near Mint,Normal,0.05,,,,,1,,https://tcgplayer-cdn.tcgplayer.com/product/652772_in_200x200.jpg
652784,8925527,Riftbound: League of Legends Trading Card Game,Origins,Pouty Poro,,013/298,Common,Near Mint,Normal,0.11,,,,,1,,https://tcgplayer-cdn.tcgplayer.com/product/652784_in_200x200.jpg
652791,8925597,Riftbound: League of Legends Trading Card Game,Origins,Scrapyard Champion,,020/298,Uncommon,Near Mint,Normal,0.10,,,,,1,,https://tcgplayer-cdn.tcgplayer.com/product/652791_in_200x200.jpg
652915,8926517,Riftbound: League of Legends Trading Card Game,Origins,Dune Drake,,131/298,Common,Near Mint,Normal,0.10,,,,,1,,https://tcgplayer-cdn.tcgplayer.com/product/652915_in_200x200.jpg
652963,8926887,Riftbound: League of Legends Trading Card Game,Origins,Sai Scout,,174/298,Common,Near Mint,Normal,0.05,,,,,1,,https://tcgplayer-cdn.tcgplayer.com/product/652963_in_200x200.jpg
652999,8927142,Riftbound: League of Legends Trading Card Game,Origins,Back to Back,,206/298,Common,Near Mint,Normal,0.10,,,,,1,,https://tcgplayer-cdn.tcgplayer.com/product/652999_in_200x200.jpg
653011,8927257,Riftbound: League of Legends Trading Card Game,Origins,Trifarian Gloryseeker,,217/298,Common,Near Mint,Normal,0.12,,,,,1,,https://tcgplayer-cdn.tcgplayer.com/product/653011_in_200x200.jpg
652827,8925847,Riftbound: League of Legends Trading Card Game,Origins,Solari Shieldbearer,,051/298,Common,Near Mint,Normal,0.13,,,,,1,,https://tcgplayer-cdn.tcgplayer.com/product/652827_in_200x200.jpg
652868,8926152,Riftbound: League of Legends Trading Card Game,Origins,Mega-Mech,,088/298,Common,Near Mint,Normal,0.05,,,,,1,,https://tcgplayer-cdn.tcgplayer.com/product/652868_in_200x200.jpg
652911,8926477,Riftbound: League of Legends Trading Card Game,Origins,Cannon Barrage,,127/298,Common,Near Mint,Normal,0.12,,,,,1,,https://tcgplayer-cdn.tcgplayer.com/product/652911_in_200x200.jpg
652921,8926577,Riftbound: League of Legends Trading Card Game,Origins,Stormclaw Ursine,,137/298,Common,Near Mint,Normal,0.08,,,,,1,,https://tcgplayer-cdn.tcgplayer.com/product/652921_in_200x200.jpg
652836,8925937,Riftbound: League of Legends Trading Card Game,Origins,Mask of Foresight,,060/298,Uncommon,Near Mint,Normal,0.23,,,,,2,,https://tcgplayer-cdn.tcgplayer.com/product/652836_in_200x200.jpg
652867,8926142,Riftbound: League of Legends Trading Card Game,Origins,Lecturing Yordle,,087/298,Common,Near Mint,Normal,0.15,,,,,1,,https://tcgplayer-cdn.tcgplayer.com/product/652867_in_200x200.jpg
652934,8926697,Riftbound: League of Legends Trading Card Game,Origins,Kraken Hunter,,150/298,Rare,Near Mint,Foil,0.19,,,,,1,,https://tcgplayer-cdn.tcgplayer.com/product/652934_in_200x200.jpg
652908,8926452,Riftbound: League of Legends Trading Card Game,Origins,Bilgewater Bully,,125/298,Common,Near Mint,Normal,0.07,,,,,1,,https://tcgplayer-cdn.tcgplayer.com/product/652908_in_200x200.jpg
653013,8927277,Riftbound: League of Legends Trading Card Game,Origins,Vanguard Sergeant,,219/298,Common,Near Mint,Normal,0.04,,,,,2,,https://tcgplayer-cdn.tcgplayer.com/product/653013_in_200x200.jpg
652960,8926857,Riftbound: League of Legends Trading Card Game,Origins,Mystic Poro,,171/298,Common,Near Mint,Normal,0.12,,,,,2,,https://tcgplayer-cdn.tcgplayer.com/product/652960_in_200x200.jpg
652830,8925877,Riftbound: League of Legends Trading Card Game,Origins,Sunlit Guardian,,054/298,Common,Near Mint,Normal,0.09,,,,,2,,https://tcgplayer-cdn.tcgplayer.com/product/652830_in_200x200.jpg
652873,8926197,Riftbound: League of Legends Trading Card Game,Origins,Riptide Rex,,092/298,Common,Near Mint,Normal,0.12,,,,,2,,https://tcgplayer-cdn.tcgplayer.com/product/652873_in_200x200.jpg
652914,8926507,Riftbound: League of Legends Trading Card Game,Origins,Crackshot Corsair,,130/298,Common,Near Mint,Normal,0.06,,,,,2,,https://tcgplayer-cdn.tcgplayer.com/product/652914_in_200x200.jpg
652957,8926827,Riftbound: League of Legends Trading Card Game,Origins,Fight or Flight,,168/298,Common,Near Mint,Normal,0.05,,,,,1,,https://tcgplayer-cdn.tcgplayer.com/product/652957_in_200x200.jpg
652792,8925607,Riftbound: League of Legends Trading Card Game,Origins,Sun Disc,,021/298,Uncommon,Near Mint,Normal,0.17,,,,,1,,https://tcgplayer-cdn.tcgplayer.com/product/652792_in_200x200.jpg
652838,8925957,Riftbound: League of Legends Trading Card Game,Origins,Reinforce,,062/298,Uncommon,Near Mint,Normal,0.16,,,,,1,,https://tcgplayer-cdn.tcgplayer.com/product/652838_in_200x200.jpg
652974,8926997,Riftbound: League of Legends Trading Card Game,Origins,Traveling Merchant,,185/298,Uncommon,Near Mint,Normal,0.20,,,,,1,,https://tcgplayer-cdn.tcgplayer.com/product/652974_in_200x200.jpg
652877,8926237,Riftbound: League of Legends Trading Card Game,Origins,Watchful Sentry,,096/298,Common,Near Mint,Normal,0.16,,,,,2,,https://tcgplayer-cdn.tcgplayer.com/product/652877_in_200x200.jpg
652918,8926547,Riftbound: League of Legends Trading Card Game,Origins,Mobilize,,134/298,Common,Near Mint,Normal,0.13,,,,,2,,https://tcgplayer-cdn.tcgplayer.com/product/652918_in_200x200.jpg
652913,8926497,Riftbound: League of Legends Trading Card Game,Origins,Confront,,129/298,Common,Near Mint,Normal,0.15,,,,,2,,https://tcgplayer-cdn.tcgplayer.com/product/652913_in_200x200.jpg
652872,8926187,Riftbound: League of Legends Trading Card Game,Origins,Pit Crew,,091/298,Common,Near Mint,Normal,0.13,,,,,2,,https://tcgplayer-cdn.tcgplayer.com/product/652872_in_200x200.jpg
652829,8925867,Riftbound: League of Legends Trading Card Game,Origins,Stand United,,053/298,Common,Near Mint,Normal,0.08,,,,,2,,https://tcgplayer-cdn.tcgplayer.com/product/652829_in_200x200.jpg
652977,8927027,Riftbound: League of Legends Trading Card Game,Origins,Zaunite Bouncer,,188/298,Uncommon,Near Mint,Normal,0.09,,,,,1,,https://tcgplayer-cdn.tcgplayer.com/product/652977_in_200x200.jpg
652782,8925507,Riftbound: League of Legends Trading Card Game,Origins,Magma Wurm,,011/298,Common,Near Mint,Normal,0.07,,,,,1,,https://tcgplayer-cdn.tcgplayer.com/product/652782_in_200x200.jpg
652825,8925827,Riftbound: League of Legends Trading Card Game,Origins,Playful Phantom,,049/298,Common,Near Mint,Normal,0.03,,,,,1,,https://tcgplayer-cdn.tcgplayer.com/product/652825_in_200x200.jpg
652866,8926132,Riftbound: League of Legends Trading Card Game,Origins,Jeweled Colossus,,086/298,Common,Near Mint,Normal,0.06,,,,,1,,https://tcgplayer-cdn.tcgplayer.com/product/652866_in_200x200.jpg
652956,8926817,Riftbound: League of Legends Trading Card Game,Origins,Ember Monk,,167/298,Common,Near Mint,Normal,0.10,,,,,1,,https://tcgplayer-cdn.tcgplayer.com/product/652956_in_200x200.jpg
652773,8925422,Riftbound: League of Legends Trading Card Game,Origins,Chemtech Enforcer,,003/298,Common,Near Mint,Normal,0.05,,,,,1,,https://tcgplayer-cdn.tcgplayer.com/product/652773_in_200x200.jpg
652785,8925537,Riftbound: League of Legends Trading Card Game,Origins,Sky Splitter,,014/298,Common,Near Mint,Normal,0.12,,,,,1,,https://tcgplayer-cdn.tcgplayer.com/product/652785_in_200x200.jpg
653031,8927422,Riftbound: League of Legends Trading Card Game,Origins,King's Edict,,237/298,Rare,Near Mint,Foil,0.18,,,,,1,,https://tcgplayer-cdn.tcgplayer.com/product/653031_in_200x200.jpg
652985,8927072,Riftbound: League of Legends Trading Card Game,Origins,Rhasa the Sunderer,,195/298,Rare,Near Mint,Foil,1.50,,,,,1,,https://tcgplayer-cdn.tcgplayer.com/product/652985_in_200x200.jpg
652787,8925557,Riftbound: League of Legends Trading Card Game,Origins,Dangerous Duo,,016/298,Uncommon,Near Mint,Normal,0.08,,,,,1,,https://tcgplayer-cdn.tcgplayer.com/product/652787_in_200x200.jpg
652928,8926647,Riftbound: League of Legends Trading Card Game,Origins,Spoils of War,,144/298,Uncommon,Near Mint,Normal,0.14,,,,,1,,https://tcgplayer-cdn.tcgplayer.com/product/652928_in_200x200.jpg
652885,8926317,Riftbound: League of Legends Trading Card Game,Origins,Retreat,,104/298,Uncommon,Near Mint,Normal,0.55,,,,,1,,https://tcgplayer-cdn.tcgplayer.com/product/652885_in_200x200.jpg
652907,8926442,Riftbound: League of Legends Trading Card Game,Origins,Arena Bar,,124/298,Common,Near Mint,Normal,0.09,,,,,1,,https://tcgplayer-cdn.tcgplayer.com/product/652907_in_200x200.jpg
652919,8926557,Riftbound: League of Legends Trading Card Game,Origins,Pakaa Cub,,135/298,Common,Near Mint,Normal,0.09,,,,,1,,https://tcgplayer-cdn.tcgplayer.com/product/652919_in_200x200.jpg
653003,8927182,Riftbound: League of Legends Trading Card Game,Origins,Daring Poro,,210/298,Common,Near Mint,Normal,0.09,,,,,1,,https://tcgplayer-cdn.tcgplayer.com/product/653003_in_200x200.jpg
652964,8926897,Riftbound: League of Legends Trading Card Game,Origins,Shipyard Skulker,,175/298,Common,Near Mint,Normal,0.07,,,,,1,,https://tcgplayer-cdn.tcgplayer.com/product/652964_in_200x200.jpg
652828,8925857,Riftbound: League of Legends Trading Card Game,Origins,Stalwart Poro,,052/298,Common,Near Mint,Normal,0.11,,,,,1,,https://tcgplayer-cdn.tcgplayer.com/product/652828_in_200x200.jpg
652871,8926177,Riftbound: League of Legends Trading Card Game,Origins,Orb of Regret,,090/298,Common,Near Mint,Normal,0.08,,,,,1,,https://tcgplayer-cdn.tcgplayer.com/product/652871_in_200x200.jpg
652808,8925707,Riftbound: League of Legends Trading Card Game,Origins,Vayne - Hunter,,035/298,Rare,Near Mint,Foil,0.37,,,,,1,,https://tcgplayer-cdn.tcgplayer.com/product/652808_in_200x200.jpg
653012,8927267,Riftbound: League of Legends Trading Card Game,Origins,Vanguard Captain,,218/298,Common,Near Mint,Normal,0.14,,,,,2,,https://tcgplayer-cdn.tcgplayer.com/product/653012_in_200x200.jpg
652927,8926637,Riftbound: League of Legends Trading Card Game,Origins,Pirate's Haven,,143/298,Uncommon,Near Mint,Normal,0.09,,,,,1,,https://tcgplayer-cdn.tcgplayer.com/product/652927_in_200x200.jpg
652973,8926987,Riftbound: League of Legends Trading Card Game,Origins,The Syren,,184/298,Uncommon,Near Mint,Normal,0.18,,,,,1,,https://tcgplayer-cdn.tcgplayer.com/product/652973_in_200x200.jpg
652887,8926337,Riftbound: League of Legends Trading Card Game,Origins,Sprite Mother,,106/298,Uncommon,Near Mint,Normal,0.27,,,,,1,,https://tcgplayer-cdn.tcgplayer.com/product/652887_in_200x200.jpg
652967,8926927,Riftbound: League of Legends Trading Card Game,Origins,Undercover Agent,,178/298,Common,Near Mint,Normal,0.05,,,,,1,,https://tcgplayer-cdn.tcgplayer.com/product/652967_in_200x200.jpg
653010,8927247,Riftbound: League of Legends Trading Card Game,Origins,Soaring Scout,,216/298,Common,Near Mint,Normal,0.15,,,,,1,,https://tcgplayer-cdn.tcgplayer.com/product/653010_in_200x200.jpg
652771,8925402,Riftbound: League of Legends Trading Card Game,Origins,Blazing Scorcher,,001/298,Common,Near Mint,Normal,0.09,,,,,1,,https://tcgplayer-cdn.tcgplayer.com/product/652771_in_200x200.jpg
652826,8925837,Riftbound: League of Legends Trading Card Game,Origins,Rune Prison,,050/298,Common,Near Mint,Normal,0.09,,,,,1,,https://tcgplayer-cdn.tcgplayer.com/product/652826_in_200x200.jpg
653063,8927582,Riftbound: League of Legends Trading Card Game,Origins,Viktor - Herald of the Arcane,,265/298,Rare,Near Mint,Foil,0.21,,,,,1,,https://tcgplayer-cdn.tcgplayer.com/product/653063_in_200x200.jpg
653059,8927562,Riftbound: League of Legends Trading Card Game,Origins,Leona - Radiant Dawn,,261/298,Rare,Near Mint,Foil,0.26,,,,,1,,https://tcgplayer-cdn.tcgplayer.com/product/653059_in_200x200.jpg
653051,8927522,Riftbound: League of Legends Trading Card Game,Origins,Darius - Hand of Noxus,,253/298,Rare,Near Mint,Foil,0.23,,,,,1,,https://tcgplayer-cdn.tcgplayer.com/product/653051_in_200x200.jpg
653047,8927502,Riftbound: League of Legends Trading Card Game,Origins,Volibear - Relentless Storm,,249/298,Rare,Near Mint,Foil,0.23,,,,,1,,https://tcgplayer-cdn.tcgplayer.com/product/653047_in_200x200.jpg
652777,8925462,Riftbound: League of Legends Trading Card Game,Origins,Fury Rune,,007/298,Common,Near Mint,Normal,0.14,,,,,2,,https://tcgplayer-cdn.tcgplayer.com/product/652777_in_200x200.jpg
652869,8926162,Riftbound: League of Legends Trading Card Game,Origins,Mind Rune,,089/298,Common,Near Mint,Normal,0.15,,,,,1,,https://tcgplayer-cdn.tcgplayer.com/product/652869_in_200x200.jpg
653007,8927222,Riftbound: League of Legends Trading Card Game,Origins,Order Rune,,214/298,Common,Near Mint,Normal,0.14,,,,,1,,https://tcgplayer-cdn.tcgplayer.com/product/653007_in_200x200.jpg
652917,8926537,Riftbound: League of Legends Trading Card Game,Origins,Flurry of Blades,,133/298,Common,Near Mint,Normal,0.13,,,,,1,,https://tcgplayer-cdn.tcgplayer.com/product/652917_in_200x200.jpg
653028,8927407,Riftbound: League of Legends Trading Card Game,Origins,Harnessed Dragon,,234/298,Rare,Near Mint,Foil,1.92,,,,,1,,https://tcgplayer-cdn.tcgplayer.com/product/653028_in_200x200.jpg
652874,8926207,Riftbound: League of Legends Trading Card Game,Origins,Smoke Screen,,093/298,Common,Near Mint,Normal,0.18,,,,,1,,https://tcgplayer-cdn.tcgplayer.com/product/652874_in_200x200.jpg
653006,8927212,Riftbound: League of Legends Trading Card Game,Origins,Hidden Blade,,213/298,Common,Near Mint,Normal,0.81,,,,,1,,https://tcgplayer-cdn.tcgplayer.com/product/653006_in_200x200.jpg
652886,8926327,Riftbound: League of Legends Trading Card Game,Origins,Singularity,,105/298,Uncommon,Near Mint,Normal,0.91,,,,,1,,https://tcgplayer-cdn.tcgplayer.com/product/652886_in_200x200.jpg
652876,8926227,Riftbound: League of Legends Trading Card Game,Origins,Stupefy,,095/298,Common,Near Mint,Normal,0.23,,,,,1,,https://tcgplayer-cdn.tcgplayer.com/product/652876_in_200x200.jpg
652897,8926392,Riftbound: League of Legends Trading Card Game,Origins,Promising Future,,115/298,Rare,Near Mint,Foil,0.35,,,,,1,,https://tcgplayer-cdn.tcgplayer.com/product/652897_in_200x200.jpg
652780,8925487,Riftbound: League of Legends Trading Card Game,Origins,Hextech Ray,,009/298,Common,Near Mint,Normal,0.19,,,,,2,,https://tcgplayer-cdn.tcgplayer.com/product/652780_in_200x200.jpg
652975,8927007,Riftbound: League of Legends Trading Card Game,Origins,Treasure Trove,,186/298,Uncommon,Near Mint,Normal,0.41,,,,,1,,https://tcgplayer-cdn.tcgplayer.com/product/652975_in_200x200.jpg
652783,8925517,Riftbound: League of Legends Trading Card Game,Origins,Noxus Hopeful,,012/298,Common,Near Mint,Normal,0.32,,,,,1,,https://tcgplayer-cdn.tcgplayer.com/product/652783_in_200x200.jpg
653027,8927402,Riftbound: League of Legends Trading Card Game,Origins,Grand Strategem,,233/298,Rare,Near Mint,Foil,0.38,,,,,1,,https://tcgplayer-cdn.tcgplayer.com/product/653027_in_200x200.jpg
652898,8926397,Riftbound: League of Legends Trading Card Game,Origins,Thousand-Tailed Watcher,,116/298,Rare,Near Mint,Foil,17.24,,,,,1,,https://tcgplayer-cdn.tcgplayer.com/product/652898_in_200x200.jpg
653002,8927172,Riftbound: League of Legends Trading Card Game,Origins,Cull the Weak,,209/298,Common,Near Mint,Normal,0.34,,,,,1,,https://tcgplayer-cdn.tcgplayer.com/product/653002_in_200x200.jpg
652884,8926307,Riftbound: League of Legends Trading Card Game,Origins,Ravenbloom Student,,103/298,Uncommon,Near Mint,Normal,0.25,,,,,1,,https://tcgplayer-cdn.tcgplayer.com/product/652884_in_200x200.jpg
652800,8925667,Riftbound: League of Legends Trading Card Game,Origins,Draven - Showboat,,028/298,Rare,Near Mint,Foil,0.38,,,,,1,,https://tcgplayer-cdn.tcgplayer.com/product/652800_in_200x200.jpg
652987,8927082,Riftbound: League of Legends Trading Card Game,Origins,Teemo - Scout,,197/298,Rare,Near Mint,Foil,1.29,,,,,1,,https://tcgplayer-cdn.tcgplayer.com/product/652987_in_200x200.jpg
652774,8925432,Riftbound: League of Legends Trading Card Game,Origins,Cleave,,004/298,Common,Near Mint,Normal,0.14,,,,,1,,https://tcgplayer-cdn.tcgplayer.com/product/652774_in_200x200.jpg
653014,8927287,Riftbound: League of Legends Trading Card Game,Origins,Facebreaker,,220/298,Uncommon,Near Mint,Normal,0.19,,,,,1,,https://tcgplayer-cdn.tcgplayer.com/product/653014_in_200x200.jpg
652802,8925677,Riftbound: League of Legends Trading Card Game,Origins,Jinx - Demolitionist,,030/298,Rare,Near Mint,Foil,0.21,,,,,1,,https://tcgplayer-cdn.tcgplayer.com/product/652802_in_200x200.jpg
652865,8926122,Riftbound: League of Legends Trading Card Game,Origins,Falling Comet,,085/298,Common,Near Mint,Normal,0.17,,,,,2,,https://tcgplayer-cdn.tcgplayer.com/product/652865_in_200x200.jpg
653075,8927672,Riftbound: League of Legends Trading Card Game,Origins,Hallowed Tomb,,281/298,Uncommon,Near Mint,Normal,0.13,,,,,1,,https://tcgplayer-cdn.tcgplayer.com/product/653075_in_200x200.jpg
653070,8927622,Riftbound: League of Legends Trading Card Game,Origins,Aspirant's Climb,,276/298,Uncommon,Near Mint,Normal,0.28,,,,,1,,https://tcgplayer-cdn.tcgplayer.com/product/653070_in_200x200.jpg
653082,8927742,Riftbound: League of Legends Trading Card Game,Origins,Startipped Peak,,288/298,Uncommon,Near Mint,Normal,0.24,,,,,1,,https://tcgplayer-cdn.tcgplayer.com/product/653082_in_200x200.jpg
653077,8927692,Riftbound: League of Legends Trading Card Game,Origins,Navori Fighting Pit,,283/298,Uncommon,Near Mint,Normal,0.17,,,,,1,,https://tcgplayer-cdn.tcgplayer.com/product/653077_in_200x200.jpg
653086,8927782,Riftbound: League of Legends Trading Card Game,Origins,The Dreaming Tree,,292/298,Uncommon,Near Mint,Normal,0.21,,,,,1,,https://tcgplayer-cdn.tcgplayer.com/product/653086_in_200x200.jpg
653069,8927612,Riftbound: League of Legends Trading Card Game,Origins,Altar to Unity,,275/298,Uncommon,Near Mint,Normal,0.11,,,,,1,,https://tcgplayer-cdn.tcgplayer.com/product/653069_in_200x200.jpg
653088,8927802,Riftbound: League of Legends Trading Card Game,Origins,Trifarian War Camp,,294/298,Uncommon,Near Mint,Normal,0.28,,,,,1,,https://tcgplayer-cdn.tcgplayer.com/product/653088_in_200x200.jpg
653090,8927822,Riftbound: League of Legends Trading Card Game,Origins,Void Gate,,296/298,Uncommon,Near Mint,Normal,0.22,,,,,1,,https://tcgplayer-cdn.tcgplayer.com/product/653090_in_200x200.jpg
653081,8927732,Riftbound: League of Legends Trading Card Game,Origins,Sigil of the Storm,,287/298,Uncommon,Near Mint,Normal,0.18,,,,,1,,https://tcgplayer-cdn.tcgplayer.com/product/653081_in_200x200.jpg
653073,8927652,Riftbound: League of Legends Trading Card Game,Origins,Fortified Position,,279/298,Uncommon,Near Mint,Normal,0.16,,,,,1,,https://tcgplayer-cdn.tcgplayer.com/product/653073_in_200x200.jpg
653091,8927832,Riftbound: League of Legends Trading Card Game,Origins,Windswept Hillock,,297/298,Uncommon,Near Mint,Normal,0.24,,,,,1,,https://tcgplayer-cdn.tcgplayer.com/product/653091_in_200x200.jpg